{"cameraMode":{"drawMode":0,"name":"Shaded","section":"Shading Mode"},"sceneLighting":true,"audioPlay":false,"sceneViewState":{"showFog":true,"showMaterialUpdate":true,"showSkybox":true,"showFlares":true,"showImageEffects":true,"showParticleSystems":true},"in2DMode":false,"pivot":{"x":-1.7107672691345215,"y":1.7114757299423218,"z":0.386872261762619},"rotation":{"x":-0.04286915063858032,"y":0.9446158409118652,"z":-0.13727128505706788,"w":-0.2950003743171692},"size":36.28571319580078,"orthographic":false}