{"cameraMode":{"drawMode":0,"name":"Shaded","section":"Shading Mode"},"sceneLighting":false,"audioPlay":false,"sceneViewState":{"showFog":true,"showMaterialUpdate":true,"showSkybox":true,"showFlares":true,"showImageEffects":true,"showParticleSystems":true},"in2DMode":false,"pivot":{"x":16.97137451171875,"y":0.5334852933883667,"z":0.06368011236190796},"rotation":{"x":0.07280416041612625,"y":-0.02842068485915661,"z":0.002075798576697707,"w":0.9969440698623657},"size":7.273917198181152,"orthographic":false}